Items,Condition,Verb,VerbType,Mood,TypeMood,NPI,NPIType,NPIType2,EmbeddedVerb,Group,SentenceNum,ItemNum,Sentence,LN_reading_experiment
Critical Item,NR+subj+NPI,pensar,NR,subj,ra,yes,en años,en,leer,A,1,1,Juan no pensaba que Carlos hubiera leído un libro tan complicado en años.,Juan pensaba que Carlos no había leído un libro tan complicado en años.
Critical Item,NR+subj,pensar,NR,subj,ra,no,,,leer,B,2,1,Juan no pensaba que Carlos hubiera leído un libro tan complicado ese año. ,Juan pensaba que Carlos no había leído un libro tan complicado ese año.
Control,NNR+subj,saber,NNR,subj,ra,no,,,leer,C,3,1,Juan no sabía que Carlos hubiera leído un libro tan complicado ese año. ,Juan sabía que Carlos no había leído un libro tan complicado ese año.
Control,NR+ind+NPI,pensar,NR,ind,,yes,en años,en,leer,D,4,1,Juan no pensaba que Carlos había leído un libro tan complicado en años.,Juan pensaba que Carlos no había leído un libro tan complicado en años.
Critical Item,NR+ind,pensar,NR,ind,,no,,,leer,E,5,1,Juan no pensaba que Carlos había leído un libro tan complicado ese año.,Juan pensaba que Carlos no había leído un libro tan complicado ese año.
Control,NNR+ind,saber,NNR,ind,,no,,,leer,F,6,1,Juan no sabía que Carlos había leído un libro tan complicado ese año.,Juan sabía que Carlos no había leído un libro tan complicado ese año.
Critical Item,NR+subj+NPI,creer,NR,subj,ra,yes,en años,en,visitar,A,7,2,Alejandro no creía que Valeria hubiera visitado el museo en años.,Alejandro creía que Valeria no había visitado el museo en años.
Critical Item,NR+subj,creer,NR,subj,ra,no,,,visitar,B,8,2,Alejandro no creía que Valeria hubiera visitado el museo ese año.,Alejandro creía que Valeria no había visitado el museo ese año.
Control,NNR+subj,estar seguro,NNR,subj,ra,no,,,visitar,C,9,2,Alejandro no estaba seguro de que Valeria hubiera visitado el museo ese año. ,Alejandro estaba seguro de que Valeria no había visitado el museo ese año.
Control,NR+ind+NPI,creer,NR,ind,,yes,en años,en,visitar,D,10,2,Alejandro no creía que Valeria había visitado el museo en años.,Alejandro creía que Valeria no había visitado el museo en años.
Critical Item,NR+ind,creer,NR,ind,,no,,,visitar,E,11,2,Alejandro no creía que Valeria había visitado el museo ese año.,Alejandro creía que Valeria no había visitado el museo ese año.
Control,NNR+ind,estar seguro,NNR,ind,,no,,,visitar,F,12,2,Alejandro no estaba seguro de que Valeria había visitado el museo ese año. ,Alejandro estaba seguro de que Valeria no había visitado el museo ese año.
Critical Item,NR+subj+NPI,parecer,NR,subj,ra,yes,en años,en,ser rentable,A,13,3,A Sergio no le parecía que la inversión hubiera sido tan rentable en años.,A Sergio le parecía que la inversión no había sido tan rentable en años.
Critical Item,NR+subj,parecer,NR,subj,ra,no,,,ser rentable,B,14,3,A Sergio no le parecía que la inversión hubiera sido tan rentable ese año. ,A Sergio le parecía que la inversión no había sido tan rentable ese año.
Control,NNR+subj,resultar evidente,NNR,subj,ra,no,,,ser rentable,C,15,3,A Sergio no le resultaba evidente que la inversión hubiera sido tan rentable ese año.,A Sergio le resultaba evidente que la inversión no había sido tan rentable ese año.
Control,NR+ind+NPI,parecer,NR,ind,,yes,en años,en,ser rentable,D,16,3,A Sergio no le parecía que la inversión había sido tan rentable en años.,A Sergio le parecía que la inversión no había sido tan rentable en años.
Critical Item,NR+ind,parecer,NR,ind,,no,,,ser rentable,E,17,3,A Sergio no le parecía que la inversión había sido tan rentable ese año. ,A Sergio le parecía que la inversión no había sido tan rentable ese año.
Control,NNR+ind,resultar evidente,NNR,ind,,no,,,ser rentable,F,18,3,A Sergio no le resultaba evidente que la inversión había sido tan rentable ese año.,A Sergio le resultaba evidente que la inversión no había sido tan rentable ese año.
Critical Item,NR+subj+NPI,considerar,NR,subj,ra,yes,en años,en,cometer,A,19,4,Gonzalo no consideraba que Leticia hubiera cometido un error grave en años.,Gonzalo consideraba que Leticia no había cometido un error grave en años.
Critical Item,NR+subj,considerar,NR,subj,ra,no,,,cometer,B,20,4,Gonzalo no consideraba que Leticia hubiera cometido un error grave ese año.,Gonzalo consideraba que Leticia no había cometido un error grave ese año.
Control,NNR+subj,ser consciente,NNR,subj,ra,no,,,cometer,C,21,4,Gonzalo no era consciente de que Leticia hubiera cometido un error grave ese año.,Gonzalo era consciente de que Leticia no había cometido un error grave ese año.
Control,NR+ind+NPI,considerar,NR,ind,,yes,en años,en,cometer,D,22,4,Gonzalo no consideraba que Leticia había cometido un error grave en años.,Gonzalo consideraba que Leticia no había cometido un error grave en años.
Critical Item,NR+ind,considerar,NR,ind,,no,,,cometer,E,23,4,Gonzalo no consideraba que Leticia había cometido un error grave ese año.,Gonzalo consideraba que Leticia no había cometido un error grave ese año.
Control,NNR+ind,ser consciente,NNR,ind,,no,,,cometer,F,24,4,Gonzalo no era consciente de que Leticia había cometido un error grave ese año.,Gonzalo era consciente de que Leticia no había cometido un error grave ese año.
Critical Item,NR+subj+NPI,opinar,NR,subj,ra,yes,en años,en,arrojar,A,25,5,Gabriela no opinaba que la investigación hubiera arrojado resultados significativos en años.,Gabriela opinaba que la investigación no había arrojado resultados significativos en años.
Critical Item,NR+subj,opinar,NR,subj,ra,no,,,arrojar,B,26,5,Gabriela no opinaba que la investigación hubiera arrojado resultados significativos ese año.,Gabriela opinaba que la investigación no había arrojado resultados significativos ese año.
Control,NNR+subj,asegurar,NNR,subj,ra,no,,,arrojar,C,27,5,Gabriela no aseguraba que la investigación hubiera arrojado resultados significativos ese año.,Gabriela aseguraba que la investigación no había arrojado resultados significativos ese año.
Control,NR+ind+NPI,opinar,NR,ind,,yes,en años,en,arrojar,D,28,5,Gabriela no opinaba que la investigación había arrojado resultados significativos en años.,Gabriela opinaba que la investigación no había arrojado resultados significativos en años.
Critical Item,NR+ind,opinar,NR,ind,,no,,,arrojar,E,29,5,Gabriela no opinaba que la investigación había arrojado resultados significativos ese año.,Gabriela opinaba que la investigación no había arrojado resultados significativos ese año.
Control,NNR+ind,asegurar,NNR,ind,,no,,,arrojar,F,30,5,Gabriela no aseguraba que la investigación había arrojado resultados significativos ese año.,Gabriela aseguraba que la investigación no había arrojado resultados significativos ese año.
Critical Item,NR+subj+NPI,dar la impresión,NR,subj,ra,yes,en años,en,visitar,A,31,6,A Beatriz no le daba la impresión de que Susana hubiera visitado la ciudad en años.,A Beatriz le daba la impresión de que Susana no había visitado la ciudad en años.
Critical Item,NR+subj,dar la impresión,NR,subj,ra,no,,,visitar,B,32,6,A Beatriz no le daba la impresión de que Susana hubiera visitado la ciudad ese año.,A Beatriz le daba la impresión de que Susana no había visitado la ciudad ese año.
Control,NNR+subj,recordar,NNR,subj,ra,no,,,visitar,C,33,6,Beatriz no recordaba que Susana hubiera visitado la ciudad ese año.,Beatriz recordaba que Susana no había visitado la ciudad ese año.
Control,NR+ind+NPI,dar la impresión,NR,ind,,yes,en años,en,visitar,D,34,6,A Beatriz no le daba la impresión de que Susana había visitado la ciudad en años.,A Beatriz le daba la impresión de que Susana no había visitado la ciudad en años.
Critical Item,NR+ind,dar la impresión,NR,ind,,no,,,visitar,E,35,6,A Beatriz no le daba la impresión de que Susana había visitado la ciudad ese año.,A Beatriz le daba la impresión de que Susana no había visitado la ciudad ese año.
Control,NNR+ind,recordar,NNR,ind,,no,,,visitar,F,36,6,Beatriz no recordaba que Susana había visitado la ciudad ese año.,Beatriz recordaba que Susana no había visitado la ciudad ese año.
Critical Item,NR+subj+NPI,pensar,NR,subj,se,yes,en meses,en,escuchar,B,37,7,María no pensaba que Carmen hubiese escuchado esa canción en meses. ,María pensaba que Carmen no había escuchado esa canción en meses.
Critical Item,NR+subj,pensar,NR,subj,se,no,,,escuchar,C,38,7,María no pensaba que Carmen hubiese escuchado esa canción ese mes.,María pensaba que Carmen no había escuchado esa canción ese mes.
Control,NNR+subj,saber,NNR,subj,se,no,,,escuchar,D,39,7,María no sabía que Carmen hubiese escuchado esa canción ese mes. ,María sabía que Carmen no había escuchado esa canción ese mes.
Control,NR+ind+NPI,pensar,NR,ind,,yes,en meses,en,escuchar,E,40,7,María no pensaba que Carmen había escuchado esa canción en meses. ,María pensaba que Carmen no había escuchado esa canción en meses.
Critical Item,NR+ind,pensar,NR,ind,,no,,,escuchar,F,41,7,María no pensaba que Carmen había escuchado esa canción ese mes. ,María pensaba que Carmen no había escuchado esa canción ese mes.
Control,NNR+ind,saber,NNR,ind,,no,,,escuchar,A,42,7,María no sabía que Carmen había escuchado esa canción ese mes. ,María sabía que Carmen no había escuchado esa canción ese mes.
Critical Item,NR+subj+NPI,creer,NR,subj,se,yes,en meses,en,caminar,B,43,8,Laura no creía que Jorge hubiese caminado por ese parque en meses.,Laura creía que Jorge no había caminado por ese parque en meses.
Critical Item,NR+subj,creer,NR,subj,se,no,,,caminar,C,44,8,Laura no creía que Jorge hubiese caminado por ese parque ese mes.,Laura creía que Jorge no había caminado por ese parque ese mes.
Control,NNR+subj,estar seguro,NNR,subj,se,no,,,caminar,D,45,8,Laura no estaba segura de que Jorge hubiese caminado por ese parque ese mes.,Laura estaba segura de que Jorge no había caminado por ese parque ese mes.
Control,NR+ind+NPI,creer,NR,ind,,yes,en meses,en,caminar,E,46,8,Laura no creía que Jorge había caminado por ese parque en meses.,Laura creía que Jorge no había caminado por ese parque en meses.
Critical Item,NR+ind,creer,NR,ind,,no,,,caminar,F,47,8,Laura no creía que Jorge había caminado por ese parque ese mes.,Laura creía que Jorge no había caminado por ese parque ese mes.
Control,NNR+ind,estar seguro,NNR,ind,,no,,,caminar,A,48,8,Laura no estaba segura de que Jorge había caminado por ese parque ese mes.,Laura estaba segura de que Jorge no había caminado por ese parque ese mes.
Critical Item,NR+subj+NPI,parecer,NR,subj,se,yes,en meses,en,aumentar,B,49,9,A Clara no le parecía que el precio del gas hubiese aumentado en meses.,A Clara le parecía que el precio del gas no había subido en meses.
Critical Item,NR+subj,parecer,NR,subj,se,no,,,aumentar,C,50,9,A Clara no le parecía que el precio del gas hubiese aumentado ese mes.,A Clara le parecía que el precio del gas no había subido ese mes.
Control,NNR+subj,resultar evidente,NNR,subj,se,no,,,aumentar,D,51,9,A Clara no le resultaba evidente que el precio del gas hubiese aumentado ese mes.,A Clara le resultaba evidente que el precio del gas no había subido ese mes.
Control,NR+ind+NPI,parecer,NR,ind,,yes,en meses,en,aumentar,E,52,9,A Clara no le parecía que el precio del gas había aumentado en meses.,A Clara le parecía que el precio del gas no había subido en meses.
Critical Item,NR+ind,parecer,NR,ind,,no,,,aumentar,F,53,9,A Clara no le parecía que el precio del gas había aumentado ese mes.,A Clara le parecía que el precio del gas no había subido ese mes.
Control,NNR+ind,resultar evidente,NNR,ind,,no,,,aumentar,A,54,9,A Clara no le resultaba evidente que el precio del gas había aumentado ese mes.,A Clara le resultaba evidente que el precio del gas no había subido ese mes.
Critical Item,NR+subj+NPI,considerar,NR,subj,se,yes,en meses,en,presentar,B,55,10,Sonia no consideraba que Fernando hubiese presentado un informe tan detallado en meses.,Sonia consideraba que Fernando no había presentado un informe tan detallado en meses.
Critical Item,NR+subj,considerar,NR,subj,se,no,,,presentar,C,56,10,Sonia no consideraba que Fernando hubiese presentado un informe tan detallado ese mes.,Sonia consideraba que Fernando no había presentado un informe tan detallado ese mes.
Control,NNR+subj,ser consciente,NNR,subj,se,no,,,presentar,D,57,10,Sonia no era consciente de que Fernando hubiese presentado un informe tan detallado ese mes.,Sonia era consciente de que Fernando no había presentado un informe tan detallado ese mes.
Control,NR+ind+NPI,considerar,NR,ind,,yes,en meses,en,presentar,E,58,10,Sonia no consideraba que Fernando había presentado un informe tan detallado en meses.,Sonia consideraba que Fernando no había presentado un informe tan detallado en meses.
Critical Item,NR+ind,considerar,NR,ind,,no,,,presentar,F,59,10,Sonia no consideraba que Fernando había presentado un informe tan detallado ese mes.,Sonia consideraba que Fernando no había presentado un informe tan detallado ese mes.
Control,NNR+ind,ser consciente,NNR,ind,,no,,,presentar,A,60,10,Sonia no era consciente de que Fernando había presentado un informe tan detallado ese mes.,Sonia era consciente de que Fernando no había presentado un informe tan detallado ese mes.
Critical Item,NR+subj+NPI,opinar,NR,subj,se,yes,en meses,en,mejorar,B,61,11,Gabriela no opinaba que Rodrigo hubiese mejorado su conducta en meses.,Gabriel opinaba que Rodrigo no había mejorado su conducta en meses.
Critical Item,NR+subj,opinar,NR,subj,se,no,,,mejorar,C,62,11,Gabriela no opinaba que Rodrigo hubiese mejorado su conducta ese mes.,Gabriel opinaba que Rodrigo no había mejorado su conducta ese mes.
Control,NNR+subj,asegurar,NNR,subj,se,no,,,mejorar,D,63,11,Gabriela no aseguraba que Rodrigo hubiese mejorado su conducta ese mes.,Gabriel aseguraba que Rodrigo no había mejorado su conducta ese mes.
Control,NR+ind+NPI,opinar,NR,ind,,yes,en meses,en,mejorar,E,64,11,Gabriela no opinaba que Rodrigo había mejorado su conducta en meses.,Gabriel opinaba que Rodrigo no había mejorado su conducta en meses.
Critical Item,NR+ind,opinar,NR,ind,,no,,,mejorar,F,65,11,Gabriela no opinaba que Rodrigo había mejorado su conducta ese mes.,Gabriel opinaba que Rodrigo no había mejorado su conducta ese mes.
Control,NNR+ind,asegurar,NNR,ind,,no,,,mejorar,A,66,11,Gabriela no aseguraba que Rodrigo había mejorado su conducta ese mes.,Gabriel aseguraba que Rodrigo no había mejorado su conducta ese mes.
Critical Item,NR+subj+NPI,dar la impresión,NR,subj,se,yes,en meses,en,teñir,B,67,12,A Miranda no le daba la impresión de que Ignacio se hubiese teñido el pelo en meses.,A Miranda le daba la impresión de que Ignacio no se había teñido el pelo en meses.
Critical Item,NR+subj,dar la impresión,NR,subj,se,no,,,teñir,C,68,12,A Miranda no le daba la impresión de que Ignacio se hubiese teñido el pelo ese mes.,A Miranda le daba la impresión de que Ignacio no se había teñido el pelo ese mes.
Control,NNR+subj,recordar,NNR,subj,se,no,,,teñir,D,69,12,Miguel no recordaba que Ignacio se hubiese teñido el pelo ese mes.,Miranda recordaba que Ignacio no se había teñido el pelo ese mes.
Control,NR+ind+NPI,dar la impresión,NR,ind,,yes,en meses,en,teñir,E,70,12,A Miranda no le daba la impresión de que Ignacio se había teñido el pelo en meses.,A Miranda le daba la impresión de que Ignacio no se había teñido el pelo en meses.
Critical Item,NR+ind,dar la impresión,NR,ind,,no,,,teñir,F,71,12,A Miranda no le daba la impresión de que Ignacio se había teñido el pelo ese mes.,A Miranda le daba la impresión de que Ignacio no se había teñido el pelo ese mes.
Control,NNR+ind,recordar,NNR,ind,,no,,,teñir,A,72,12,Miranda no recordaba que Ignacio se había teñido el pelo ese mes.,Miranda recordaba que Ignacio no se había teñido el pelo ese mes.
Critical Item,NR+subj+NPI,pensar,NR,subj,ra,yes,en meses,en,venir,C,73,13,Antonio no pensaba que Noelia hubiera venido a clase en meses.,Antonio pensaba que Noelia no había venido a clase en meses.
Critical Item,NR+subj,pensar,NR,subj,ra,no,,,venir,D,74,13,Antonio no pensaba que Noelia hubiera venido a clase ese mes.,Antonio pensaba que Noelia no había venido a clase ese mes.
Control,NNR+subj,saber,NNR,subj,ra,no,,,venir,E,75,13,Antonio no sabía que Noelia hubiera venido a clase ese mes.,Antonio sabía que Noelia no había venido a clase ese mes.
Control,NR+ind+NPI,pensar,NR,ind,,yes,en meses,en,venir,F,76,13,Antonio no pensaba que Noelia había venido a clase en meses.,Antonio pensaba que Noelia no había venido a clase en meses.
Critical Item,NR+ind,pensar,NR,ind,,no,,,venir,A,77,13,Antonio no pensaba que Noelia había venido a clase ese mes.,Antonio pensaba que Noelia no había venido a clase ese mes.
Control,NNR+ind,saber,NNR,ind,,no,,,venir,B,78,13,Antonio no sabía que Noelia había venido a clase ese mes.,Antonio sabía que Noelia no había venido a clase ese mes.
Critical Item,NR+subj+NPI,creer,NR,subj,ra,yes,en años,en,leer,C,79,14,Isabel no creía que Francisco hubiera leído una revista tan interesante en años.,Isabel creía que Francisco no había leído una revista tan interesante en años.
Critical Item,NR+subj,creer,NR,subj,ra,no,,,leer,D,80,14,Isabel no creía que Francisco hubiera leído una revista tan interesante ese año.,Isabel creía que Francisco no había leído una revista tan interesante ese año.
Control,NNR+subj,estar seguro,NNR,subj,ra,no,,,leer,E,81,14,Isabel no estaba segura de que Francisco hubiera leído una revista tan interesante ese año.,Isabel estaba segura de que Francisco no había leído una revista tan interesante ese año.
Control,NR+ind+NPI,creer,NR,ind,,yes,en años,en,leer,F,82,14,Isabel no creía que Francisco había leído una revista tan interesante en años.,Isabel creía que Francisco no había leído una revista tan interesante en años.
Critical Item,NR+ind,creer,NR,ind,,no,,,leer,A,83,14,Isabel no creía que Francisco había leído una revista tan interesante ese año.,Isabel creía que Francisco no había leído una revista tan interesante ese año.
Control,NNR+ind,estar seguro,NNR,ind,,no,,,leer,B,84,14,Isabel no estaba segura de que Francisco había leído una revista tan interesante ese año.,Isabel estaba segura de que Francisco no había leído una revista tan interesante ese año.
Critical Item,NR+subj+NPI,parecer,NR,subj,ra,yes,en meses,en,aumentar,C,85,15,A Pablo no le parecía que la venta de abrigos hubiera aumentado en meses.,A Pablo le parecía que la venta de abrigos no había aumentado en meses.
Critical Item,NR+subj,parecer,NR,subj,ra,no,,,aumentar,D,86,15,A Pablo no le parecía que la venta de abrigos hubiera aumentado ese mes.,A Pablo le parecía que la venta de abrigos no había aumentado ese mes.
Control,NNR+subj,resultar evidente,NNR,subj,ra,no,,,aumentar,E,87,15,A Pablo no le resultaba evidente que la venta de abrigos hubiera aumentado ese mes.,A Pablo le resultaba evidente que la venta de abrigos no había aumentado ese mes.
Control,NR+ind+NPI,parecer,NR,ind,,yes,en meses,en,aumentar,F,88,15,A Pablo no le parecía que la venta de abrigos había aumentado en meses.,A Pablo le parecía que la venta de abrigos no había aumentado en meses.
Critical Item,NR+ind,parecer,NR,ind,,no,,,aumentar,A,89,15,A Pablo no le parecía que la venta de abrigos había aumentado ese mes.,A Pablo le parecía que la venta de abrigos no había aumentado ese mes.
Control,NNR+ind,resultar evidente,NNR,ind,,no,,,aumentar,B,90,15,A Pablo no le resultaba evidente que la venta de abrigos había aumentado ese mes.,A Pablo le resultaba evidente que la venta de abrigos no había aumentado ese mes.
Critical Item,NR+subj+NPI,considerar,NR,subj,ra,yes,en meses,en,manejar,C,91,16,Andrea no consideraba que Leticia hubiera manejado bien una situación tan delicada en meses.,Andrea consideraba que Leticia no había manejado bien una situación tan delicada en meses.
Critical Item,NR+subj,considerar,NR,subj,ra,no,,,manejar,D,92,16,Andrea no consideraba que Leticia hubiera manejado bien una situación tan delicada ese mes.,Andrea consideraba que Leticia no había manejado bien una situación tan delicada ese mes.
Control,NNR+subj,ser consciente,NNR,subj,ra,no,,,manejar,E,93,16,Andrea no era consciente que Leticia hubiera manejado bien una situación tan delicada ese mes.,Andrea era consciente de que Leticia no había manejado bien una situación tan delicada ese mes.
Control,NR+ind+NPI,considerar,NR,ind,,yes,en meses,en,manejar,F,94,16,Andrea no consideraba que Leticia había manejado bien una situación tan delicada en meses.,Andrea consideraba que Leticia no había manejado bien una situación tan delicada en meses.
Critical Item,NR+ind,considerar,NR,ind,,no,,,manejar,A,95,16,Andrea no consideraba que Leticia había manejado bien una situación tan delicada ese mes.,Andrea consideraba que Leticia no había manejado bien una situación tan delicada ese mes.
Control,NNR+ind,ser consciente,NNR,ind,,no,,,manejar,B,96,16,Andrea no era consciente de que Leticia había manejado bien una situación tan delicada ese mes.,Andrea era consciente de que Leticia no había manejado bien una situación tan delicada ese mes.
Critical Item,NR+subj+NPI,opinar,NR,subj,ra,yes,en años,en,presentar,C,97,17,Paloma no opinaba que Diego hubiera presentado una propuesta innovadora en años.,Paloma opinaba que Diego no había presentado una propuesta innovadora en años.
Critical Item,NR+subj,opinar,NR,subj,ra,no,,,presentar,D,98,17,Paloma no opinaba que Diego hubiera presentado una propuesta innovadora ese año.,Paloma opinaba que Diego no había presentado una propuesta innovadora ese año.
Control,NNR+subj,asegurar,NNR,subj,ra,no,,,presentar,E,99,17,Paloma no aseguraba que Diego hubiera presentado una propuesta innovadora ese año.,Paloma aseguraba que Diego no había presentado una propuesta innovadora ese año.
Control,NR+ind+NPI,opinar,NR,ind,,yes,en años,en,presentar,F,100,17,Paloma no opinaba que Diego había presentado una propuesta innovadora en años.,Paloma opinaba que Diego no había presentado una propuesta innovadora en años.
Critical Item,NR+ind,opinar,NR,ind,,no,,,presentar,A,101,17,Paloma no opinaba que Diego había presentado una propuesta innovadora ese año.,Paloma opinaba que Diego no había presentado una propuesta innovadora ese año.
Control,NNR+ind,asegurar,NNR,ind,,no,,,presentar,B,102,17,Paloma no aseguraba que Diego había presentado una propuesta innovadora ese año.,Paloma aseguraba que Diego no había presentado una propuesta innovadora ese año.
Critical Item,NR+subj+NPI,dar la impresión,NR,subj,ra,yes,en años,en,organizar,C,103,18,A Miguel no le daba la impresión de que su vecino hubiera organizado una fiesta en años.,A Miguel le daba la impresión de que su vecino no había organizado una fiesta en años.
Critical Item,NR+subj,dar la impresión,NR,subj,ra,no,,,organizar,D,104,18,A Miguel no le daba la impresión de que su vecino hubiera organizado una fiesta ese año.,A Miguel le daba la impresión de que su vecino no había organizado una fiesta ese año.
Control,NNR+subj,recordar,NNR,subj,ra,no,,,organizar,E,105,18,Miguel no recordaba que su vecino hubiera organizado una fiesta ese año.,Miguel recordaba que su vecino no había organizado una fiesta ese año.
Control,NR+ind+NPI,dar la impresión,NR,ind,,yes,en años,en,organizar,F,106,18,A Miguel no le daba la impresión de que su vecino había organizado una fiesta en años.,A Miguel le daba la impresión de que su vecino no había organizado una fiesta en años.
Critical Item,NR+ind,dar la impresión,NR,ind,,no,,,organizar,A,107,18,A Miguel no le daba la impresión de que su vecino había organizado una fiesta ese año.,A Miguel le daba la impresión de que su vecino no había organizado una fiesta ese año.
Control,NNR+ind,recordar,NNR,ind,,no,,,organizar,B,108,18,Miguel no recordaba que su vecino había organizado una fiesta ese año.,Miguel recordaba que su vecino no había organizado una fiesta ese año.
Critical Item,NR+subj+NPI,pensar,NR,subj,se,yes,hasta,hasta,llegar,D,109,19,Javier no pensaba que el invitado fuese a llegar hasta las ocho.,Javier pensaba que el invitado no iba a llegar hasta las ocho.
Critical Item,NR+subj,pensar,NR,subj,se,no,,,llegar,E,110,19,Javier no pensaba que el invitado fuese a llegar a las ocho.,Javier pensaba que el invitado no iba a llegar a las ocho.
Control,NNR+subj,saber,NNR,subj,se,no,,,llegar,F,111,19,Javier no sabía que el invitado fuese a llegar a las ocho.,Javier sabía que el invitado no iba a llegar a las ocho.
Control,NR+ind+NPI,pensar,NR,ind,,yes,hasta,hasta,llegar,A,112,19,Javier no pensaba que el invitado iba a llegar hasta las ocho.,Javier pensaba que el invitado no iba a llegar hasta las ocho.
Critical Item,NR+ind,pensar,NR,ind,,no,,,llegar,B,113,19,Javier no pensaba que el invitado iba a llegar a las ocho.,Javier pensaba que el invitado no iba a llegar a las ocho.
Control,NNR+ind,saber,NNR,ind,,no,,,llegar,C,114,19,Javier no sabía que el invitado iba a llegar a las ocho.,Javier sabía que el invitado no iba a llegar a las ocho.
Critical Item,NR+subj+NPI,creer,NR,subj,se,yes,hasta,hasta,encontrar,D,115,20,Belén no creía que Aurora fuese a encontrar el cuaderno hasta el día siguiente.,Belén creía que Aurora no iba a encontrar el cuaderno hasta el día siguiente.
Critical Item,NR+subj,creer,NR,subj,se,no,,,encontrar,E,116,20,Belén no creía que Aurora fuese a encontrar el cuaderno al día siguiente.,Belén creía que Aurora no iba a encontrar el cuaderno al día siguiente.
Control,NNR+subj,estar seguro,NNR,subj,se,no,,,encontrar,F,117,20,Belén no estaba segura de que Aurora fuese a encontrar el cuaderno al día siguiente.,Belén estaba segura de que Aurora no iba a encontrar el cuaderno al día siguiente.
Control,NR+ind+NPI,creer,NR,ind,,yes,hasta,hasta,encontrar,A,118,20,Belén no creía que Aurora iba a encontrar el cuaderno hasta el día siguiente.,Belén creía que Aurora no iba a encontrar el cuaderno hasta el día siguiente.
Critical Item,NR+ind,creer,NR,ind,,no,,,encontrar,B,119,20,Belén no creía que Aurora iba a encontrar el cuaderno al día siguiente.,Belén creía que Aurora no iba a encontrar el cuaderno al día siguiente.
Control,NNR+ind,estar seguro,NNR,ind,,no,,,encontrar,C,120,20,Belén no estaba segura de que Aurora iba a encontrar el cuaderno al día siguiente.,Belén estaba segura de que Aurora no iba a encontrar el cuaderno al día siguiente.
Critical Item,NR+subj+NPI,parecer,NR,subj,se,yes,hasta,hasta,empezar,D,121,21,A Mercedes no le parecía que la temperatura fuese a empezar a subir hasta febrero.,A Mercedes le parecía que la temperatura no iba a empezar a subir hasta febrero.
Critical Item,NR+subj,parecer,NR,subj,se,no,,,empezar,E,122,21,A Mercedes no le parecía que la temperatura fuese a empezar a subir en febrero.,A Mercedes le parecía que la temperatura no iba a empezar a subir en febrero.
Control,NNR+subj,resultar evidente,NNR,subj,se,no,,,empezar,F,123,21,A Mercedes no le resultaba evidente que la temperatura fuese a empezar a subir en febrero.,A Mercedes le resultaba evidente que la temperatura no iba a empezar a subir en febrero.
Control,NR+ind+NPI,parecer,NR,ind,,yes,hasta,hasta,empezar,A,124,21,A Mercedes no le parecía que la temperatura iba a empezar a subir hasta febrero.,A Mercedes le parecía que la temperatura no iba a empezar a subir hasta febrero.
Critical Item,NR+ind,parecer,NR,ind,,no,,,empezar,B,125,21,A Mercedes no le parecía que la temperatura iba a empezar a subir en febrero.,A Mercedes le parecía que la temperatura no iba a empezar a subir en febrero.
Control,NNR+ind,resultar evidente,NNR,ind,,no,,,empezar,C,126,21,A Mercedes no le resultaba evidente que la temperatura iba a empezar a subir en febrero.,A Mercedes le resultaba evidente que la temperatura no iba a empezar a subir en febrero.
Critical Item,NR+subj+NPI,considerar,NR,subj,se,yes,hasta,hasta,terminar,D,127,22,Pedro no consideraba que el edificio se fuese a terminar hasta el mes de junio.,Pedro consideraba que el edificio no se iba a terminar hasta el mes de junio.
Critical Item,NR+subj,considerar,NR,subj,se,no,,,terminar,E,128,22,Pedro no consideraba que el edificio se fuese a terminar en el mes de junio.,Pedro consideraba que el edificio no se iba a terminar en el mes de junio.
Control,NNR+subj,ser consciente,NNR,subj,se,no,,,terminar,F,129,22,Pedro no era consciente que el edificio se fuese a terminar en el mes de junio.,Pedro era consciente de que el edificio no se iba a terminar en el mes de junio.
Control,NR+ind+NPI,considerar,NR,ind,,yes,hasta,hasta,terminar,A,130,22,Pedro no consideraba que el edificio se iba a terminar hasta el mes de junio.,Pedro consideraba que el edificio no se iba a terminar hasta el mes de junio.
Critical Item,NR+ind,considerar,NR,ind,,no,,,terminar,B,131,22,Pedro no consideraba que el edificio se iba a terminar en el mes de junio.,Pedro consideraba que el edificio no se iba a terminar en el mes de junio.
Control,NNR+ind,ser consciente,NNR,ind,,no,,,terminar,C,132,22,Pedro no era consciente de que el edificio se iba terminar en el mes de junio.,Pedro era consciente de que el edificio no se iba a terminar en el mes de junio.
Critical Item,NR+subj+NPI,opinar,NR,subj,se,yes,hasta,hasta,despegar,D,133,23,Daniel no opinaba que el avión fuese a despegar hasta las seis.,Daniel opinaba que el avión no iba a despegar hasta las seis.
Critical Item,NR+subj,opinar,NR,subj,se,no,,,despegar,E,134,23,Daniel no opinaba que el avión fuese a despegar a las seis.,Daniel opinaba que el avión no iba a despegar a las seis.
Control,NNR+subj,asegurar,NNR,subj,se,no,,,despegar,F,135,23,Daniel no aseguraba que el avión fuese a despegar a las seis.,Daniel aseguraba que el avión no iba a despegar a las seis.
Control,NR+ind+NPI,opinar,NR,ind,,yes,hasta,hasta,despegar,A,136,23,Daniel no opinaba que el avión iba a despegar hasta las seis.,Daniel opinaba que el avión no iba a despegar hasta las seis.
Critical Item,NR+ind,opinar,NR,ind,,no,,,despegar,B,137,23,Daniel no opinaba que el avión iba a despegar a las seis.,Daniel opinaba que el avión no iba a despegar a las seis.
Control,NNR+ind,asegurar,NNR,ind,,no,,,despegar,C,138,23,Daniel no aseguraba que el avión iba a despegar a las seis.,Daniel aseguraba que el avión no iba a despegar a las seis.
Critical Item,NR+subj+NPI,dar la impresión,NR,subj,se,yes,hasta,hasta,estrenar,D,139,24,A Rubén no le daba la impresión de que la película se fuese a estrenar hasta diciembre.,A Rubén le daba la impresión de que la película no se iba a estrenar hasta diciembre.
Critical Item,NR+subj,dar la impresión,NR,subj,se,no,,,estrenar,E,140,24,A Rubén no le daba la impresión de que la película se fuese a estrenar en diciembre.,A Rubén le daba la impresión de que la película no se iba a estrenar en diciembre.
Control,NNR+subj,recordar,NNR,subj,se,no,,,estrenar,F,141,24,Rubén no recordaba que la película se fuese a estrenar en diciembre.,Rubén recordaba que la película no se iba a estrenar en diciembre.
Control,NR+ind+NPI,dar la impresión,NR,ind,,yes,hasta,hasta,estrenar,A,142,24,A Rubén no le daba la impresión de que la película se iba a estrenar hasta diciembre.,A Rubén le daba la impresión de que la película no se iba a estrenar hasta diciembre.
Critical Item,NR+ind,dar la impresión,NR,ind,,no,,,estrenar,B,143,24,A Rubén no le daba la impresión de que la película se iba a estrenar en diciembre.,A Rubén le daba la impresión de que la película no se iba a estrenar en diciembre.
Control,NNR+ind,recordar,NNR,ind,,no,,,estrenar,C,144,24,Rubén no recordaba que la película se iba a estrenar en diciembre.,Rubén recordaba que la película no se iba a estrenar en diciembre.
Critical Item,NR+subj+NPI,pensar,NR,subj,ra,yes,hasta,hasta,despertarse,E,145,25,Iván no pensaba que Silvia se fuera a despertar hasta las doce.,Iván pensaba que Silvia no se iba a despertar hasta las doce.
Critical Item,NR+subj,pensar,NR,subj,ra,no,,,despertarse,F,146,25,Iván no pensaba que Silvia se fuera a despertar a las doce.,Iván pensaba que Silvia no se iba a despertar a las doce.
Control,NNR+subj,saber,NNR,subj,ra,no,,,despertarse,A,147,25,Iván no sabía que Silvia se fuera a despertar a las doce.,Iván sabía que Silvia no se iba a despertar a las doce.
Control,NR+ind+NPI,pensar,NR,ind,,yes,hasta,hasta,despertarse,B,148,25,Iván no pensaba que Silvia se iba a despertar hasta las doce.,Iván pensaba que Silvia no se iba a despertar hasta las doce.
Critical Item,NR+ind,pensar,NR,ind,,no,,,despertarse,C,149,25,Iván no pensaba que Silvia se iba a despertar a las doce.,Iván pensaba que Silvia no se iba a despertar a las doce.
Control,NNR+ind,saber,NNR,ind,,no,,,despertarse,D,150,25,Iván no sabía que Silvia se iba a despertar a las doce.,Iván sabía que Silvia no se iba a despertar a las doce.
Critical Item,NR+subj+NPI,creer,NR,subj,ra,yes,hasta,hasta,mandar,E,151,26,Elena no creía que Marta fuera a mandar la carta hasta las once.,Elena creía que Marta no iba a mandar la carta hasta las once.
Critical Item,NR+subj,creer,NR,subj,ra,no,,,mandar,F,152,26,Elena no creía que Marta fuera a mandar la carta a las once.,Elena creía que Marta no iba a mandar la carta a las once.
Control,NNR+subj,estar seguro,NNR,subj,ra,no,,,mandar,A,153,26,Elena no estaba segura de que Marta fuera a mandar la carta a las once.,Elena estaba segura de que Marta no iba a mandar la carta a las once.
Control,NR+ind+NPI,creer,NR,ind,,yes,hasta,hasta,mandar,B,154,26,Elena no creía que Marta iba a mandar la carta hasta las once.,Elena creía que Marta no iba a mandar la carta hasta las once.
Critical Item,NR+ind,creer,NR,ind,,no,,,mandar,C,155,26,Elena no creía que Marta iba a mandar la carta a las once.,Elena creía que Marta no iba a mandar la carta a las once.
Control,NNR+ind,estar seguro,NNR,ind,,no,,,mandar,D,156,26,Elena no estaba segura de que Marta iba a mandar la carta a las once.,Elena estaba segura de que Marta no iba a mandar la carta a las once.
Critical Item,NR+subj+NPI,parecer,NR,subj,ra,yes,hasta,hasta,comenzar,E,157,27,A Lucía no le parecía que los árboles fueran a comenzar a florecer hasta abril.,A Lucía le parecía que los árboles no iban a florecer hasta abril.
Critical Item,NR+subj,parecer,NR,subj,ra,no,,,comenzar,F,158,27,A Lucía no le parecía que los árboles fueran a comenzar a florecer en abril.,A Lucía le parecía que los árboles no iban a florecer en abril.
Control,NNR+subj,resultar evidente,NNR,subj,ra,no,,,comenzar,A,159,27,A Lucía no le resultaba evidente que los árboles fueran a comenzar a florecer en abril.,A Lucía le resultaba evidente que los árboles no iban a florecer en abril.
Control,NR+ind+NPI,parecer,NR,ind,,yes,hasta,hasta,comenzar,B,160,27,A Lucía no le parecía que los árboles iban a comenzar a florecer hasta abril.,A Lucía le parecía que los árboles no iban a florecer hasta abril.
Critical Item,NR+ind,parecer,NR,ind,,no,,,comenzar,C,161,27,A Lucía no le parecía que los árboles iban a comenzar a florecer en abril.,A Lucía le parecía que los árboles no iban a florecer en abril.
Control,NNR+ind,resultar evidente,NNR,ind,,no,,,comenzar,D,162,27,A Lucía no le resultaba evidente que los árboles iban a comenzar a florecer en abril.,A Lucía le resultaba evidente que los árboles no iban a florecer en abril.
Critical Item,NR+subj+NPI,considerar,NR,subj,ra,yes,hasta,hasta,zarpar,E,163,28,Adrián no consideraba que el barco fuera a zarpar hasta mediodía. ,Adrián consideraba que el barco no iba a zarpar hasta mediodía.
Critical Item,NR+subj,considerar,NR,subj,ra,no,,,zarpar,F,164,28,Adrián no consideraba que el barco fuera a zarpar a mediodía.,Adrián consideraba que el barco no iba a zarpar a mediodía.
Control,NNR+subj,ser consciente,NNR,subj,ra,no,,,zarpar,A,165,28,Adrián no era consciente de que el barco fuera a zarpar a mediodía. ,Adrián era consciente de que el barco no iba a zarpar a mediodía.
Control,NR+ind+NPI,considerar,NR,ind,,yes,hasta,hasta,zarpar,B,166,28,Adrián no consideraba que el barco iba a zarpar hasta mediodía. ,Adrián consideraba que el barco no iba a zarpar hasta mediodía.
Critical Item,NR+ind,considerar,NR,ind,,no,,,zarpar,C,167,28,Adrián no consideraba que el barco iba a zarpar a mediodía. ,Adrián consideraba que el barco no iba a zarpar a mediodía.
Control,NNR+ind,ser consciente,NNR,ind,,no,,,zarpar,D,168,28,Adrián no era consciente de que el barco iba a zarpar a mediodía. ,Adrián era consciente de que el barco no iba a zarpar a mediodía.
Critical Item,NR+subj+NPI,opinar,NR,subj,ra,yes,hasta,hasta,aterrizar,E,169,29,Natalia no opinaba que el avión fuera a aterrizar hasta las doce.,Natalia opinaba que el avión no iba a aterrizar hasta las doce.
Critical Item,NR+subj,opinar,NR,subj,ra,no,,,aterrizar,F,170,29,Natalia no opinaba que el avión fuera a aterrizar a las doce.,Natalia opinaba que el avión no iba a aterrizar a las doce.
Control,NNR+subj,asegurar,NNR,subj,ra,no,,,aterrizar,A,171,29,Natalia no aseguraba que el avión fuera a aterrizar a las doce.,Natalia aseguraba que el avión no iba a aterrizar a las doce.
Control,NR+ind+NPI,opinar,NR,ind,,yes,hasta,hasta,aterrizar,B,172,29,Natalia no opinaba que el avión iba a aterrizar hasta las doce.,Natalia opinaba que el avión no iba a aterrizar hasta las doce.
Critical Item,NR+ind,opinar,NR,ind,,no,,,aterrizar,C,173,29,Natalia no opinaba que el avión iba a aterrizar a las doce.,Natalia opinaba que el avión no iba a aterrizar a las doce.
Control,NNR+ind,asegurar,NNR,ind,,no,,,aterrizar,D,174,29,Natalia no aseguraba que el avión iba a aterrizar a las doce.,Natalia aseguraba que el avión no iba a aterrizar a las doce.
Critical Item,NR+subj+NPI,dar la impresión,NR,subj,ra,yes,hasta,hasta,tomar una decisión,E,175,30,A Claudia no le daba la impresión de que Pablo fuera a tomar la decisión hasta abril.,A Claudia le daba la impresión de que Pablo no iba a tomar la decisión hasta abril.
Critical Item,NR+subj,dar la impresión,NR,subj,ra,no,,,tomar una decisión,F,176,30,A Claudia no le daba la impresión de que Pablo fuera a tomar la decisión en abril.,A Claudia le daba la impresión de que Pablo no iba a tomar la decisión en abril.
Control,NNR+subj,recordar,NNR,subj,ra,no,,,tomar una decisión,A,177,30,Claudia no recordaba que Pablo fuera a tomar la decisión en abril.,Claudia recordaba que Pablo no iba a tomar la decisión en abril.
Control,NR+ind+NPI,dar la impresión,NR,ind,,yes,hasta,hasta,tomar una decisión,B,178,30,A Claudia no le daba la impresión de que Pablo iba a tomar la decisión hasta abril.,A Claudia le daba la impresión de que Pablo no iba a tomar la decisión hasta abril.
Critical Item,NR+ind,dar la impresión,NR,ind,,no,,,tomar una decisión,C,179,30,A Claudia no le daba la impresión de que Pablo iba a tomar la decisión en abril.,A Claudia le daba la impresión de que Pablo no iba a tomar la decisión en abril.
Control,NNR+ind,recordar,NNR,ind,,no,,,tomar una decisión,D,180,30,Claudia no recordaba que Pablo iba a tomar la decisión en abril.,Claudia recordaba que Pablo no iba a tomar la decisión en abril.
Critical Item,NR+subj+NPI,pensar,NR,subj,se,yes,hasta,hasta,acabar,F,181,31,Álvaro no pensaba que el concierto fuese a acabar hasta las ocho.,Álvaro pensaba que el concierto no iba a acabar hasta las ocho.
Critical Item,NR+subj,pensar,NR,subj,se,no,,,acabar,A,182,31,Álvaro no pensaba que el concierto fuese a acabar a las ocho.,Álvaro pensaba que el concierto no iba a acabar a las ocho.
Control,NNR+subj,saber,NNR,subj,se,no,,,acabar,B,183,31,Álvaro no sabía que el concierto fuese a acabar a las ocho.,Álvaro sabía que el concierto no iba a acabar a las ocho.
Control,NR+ind+NPI,pensar,NR,ind,,yes,hasta,hasta,acabar,C,184,31,Álvaro no pensaba que el concierto iba a acabar hasta las ocho.,Álvaro pensaba que el concierto no iba a acabar hasta las ocho.
Critical Item,NR+ind,pensar,NR,ind,,no,,,acabar,D,185,31,Álvaro no pensaba que el concierto iba a acabar a las ocho.,Álvaro pensaba que el concierto no iba a acabar a las ocho.
Control,NNR+ind,saber,NNR,ind,,no,,,acabar,E,186,31,Álvaro no sabía que el concierto iba a acabar a las ocho.,Álvaro sabía que el concierto no iba a acabar a las ocho.
Critical Item,NR+subj+NPI,creer,NR,subj,se,yes,hasta,hasta,obtener,F,187,32,Paula no creía que Sofía fuese a obtener el doctorado hasta mayo.,Paula creía que Sofía no iba a obtener el doctorado hasta mayo.
Critical Item,NR+subj,creer,NR,subj,se,no,,,obtener,A,188,32,Paula no creía que Sofía fuese a obtener el doctorado en mayo.,Paula creía que Sofía no iba a obtener el doctorado en mayo.
Control,NNR+subj,estar seguro,NNR,subj,se,no,,,obtener,B,189,32,Paula no estaba segura de que Sofía fuese a obtener el doctorado en mayo.,Paula estaba segura de que Sofía no iba a obtener el doctorado en mayo.
Control,NR+ind+NPI,creer,NR,ind,,yes,hasta,hasta,obtener,C,190,32,Paula no creía que Sofía iba a obtener el doctorado hasta mayo.,Paula creía que Sofía no iba a obtener el doctorado hasta mayo.
Critical Item,NR+ind,creer,NR,ind,,no,,,obtener,D,191,32,Paula no creía que Sofía iba a obtener el doctorado en mayo.,Paula creía que Sofía no iba a obtener el doctorado en mayo.
Control,NNR+ind,estar seguro,NNR,ind,,no,,,obtener,E,192,32,Paula no estaba segura de que Sofía iba a obtener el doctorado en mayo.,Paula estaba segura de que Sofía no iba a obtener el doctorado en mayo.
Critical Item,NR+subj+NPI,parecer,NR,subj,se,yes,hasta,hasta,inaugurar,F,193,33,A Víctor no le parecía que Pedro fuese a inaugurar las luces de Navidad hasta noviembre.,A Víctor le parecía que Pedro no iba a inaugurar las luces de Navidad hasta noviembre.
Critical Item,NR+subj,parecer,NR,subj,se,no,,,inaugurar,A,194,33,A Víctor no le parecía que Pedro fuese a inaugurar las luces de Navidad en noviembre.,A Víctor le parecía que Pedro no iba a inaugurar las luces de Navidad en noviembre.
Control,NNR+subj,resultar evidente,NNR,subj,se,no,,,inaugurar,B,195,33,A Víctor no le resultaba evidente que Pedro fuese a inaugurar las luces de Navidad en noviembre.,A Víctor le resultaba evidente que Pedro no iba a inaugurar las luces de Navidad en noviembre.
Control,NR+ind+NPI,parecer,NR,ind,,yes,hasta,hasta,inaugurar,C,196,33,A Víctor no le parecía que Pedro iba a inaugurar las luces de Navidad hasta noviembre.,A Víctor le parecía que Pedro no iba a inaugurar las luces de Navidad hasta noviembre.
Critical Item,NR+ind,parecer,NR,ind,,no,,,inaugurar,D,197,33,A Víctor no le parecía que Pedro iba a inaugurar las luces de Navidad en noviembre.,A Víctor le parecía que Pedro no iba a inaugurar las luces de Navidad en noviembre.
Control,NNR+ind,resultar evidente,NNR,ind,,no,,,inaugurar,E,198,33,A Víctor no le resultaba evidente Pedro iba a inaugurar las luces de Navidad en noviembre.,A Víctor le resultaba evidente que Pedro no iba a inaugurar las luces de Navidad en noviembre.
Critical Item,NR+subj+NPI,considerar,NR,subj,se,yes,hasta,hasta,graduar,F,199,34,e,Mario consideraba que Pablo no se iba a graduar hasta mayo.
Critical Item,NR+subj,considerar,NR,subj,se,no,,,graduar,A,200,34,Mario no consideraba que Pablo se fuese a graduar en mayo.,Mario consideraba que Pablo no se iba a graduar en mayo.
Control,NNR+subj,ser consciente,NNR,subj,se,no,,,graduar,B,201,34,Mario no era consciente de que Pablo se fuese a graduar en mayo.,Mario era consciente de que Pablo no se iba a graduar en mayo.
Control,NR+ind+NPI,considerar,NR,ind,,yes,hasta,hasta,graduar,C,202,34,Mario no consideraba que Pablo se iba a graduar hasta mayo.,Mario consideraba que Pablo no se iba a graduar hasta mayo.
Critical Item,NR+ind,considerar,NR,ind,,no,,,graduar,D,203,34,Mario no consideraba que Pablo se iba a graduar en mayo.,Mario consideraba que Pablo no se iba a graduar en mayo.
Control,NNR+ind,ser consciente,NNR,ind,,no,,,graduar,E,204,34,Mario no era consciente de que Pablo se iba a graduar en mayo.,Mario era consciente de que Pablo no se iba a graduar en mayo.
Critical Item,NR+subj+NPI,opinar,NR,subj,se,yes,hasta,hasta,recibir la carta ,F,205,35,Hugo no opinaba que Raúl fuese a recibir la carta hasta el día siguiente.,Hugo opinaba que Raúl no iba a recibir una carta hasta el día siguiente.
Critical Item,NR+subj,opinar,NR,subj,se,no,,,recibir la carta ,A,206,35,Hugo no opinaba que Raúl fuese a recibir la carta al día siguiente.,Hugo opinaba que Raúl no iba a recibir una carta al día siguiente.
Control,NNR+subj,asegurar,NNR,subj,se,no,,,recibir la carta ,B,207,35,Hugo no aseguraba que Raúl fuese a recibir la carta al día siguiente.,Hugo aseguraba que Raúl no iba a recibir una carta al día siguiente.
Control,NR+ind+NPI,opinar,NR,ind,,yes,hasta,hasta,recibir la carta ,C,208,35,Hugo no opinaba que Raúl iba a recibir la carta hasta el día siguiente.,Hugo opinaba que Raúl no iba a recibir una carta hasta el día siguiente.
Critical Item,NR+ind,opinar,NR,ind,,no,,,recibir la carta ,D,209,35,Hugo no opinaba que Raúl iba a recibir la carta al día siguiente.,Hugo opinaba que Raúl no iba a recibir una carta al día siguiente.
Control,NNR+ind,asegurar,NNR,ind,,no,,,recibir la carta ,E,210,35,Hugo no aseguraba que Raúl iba a recibir la carta al día siguiente.,Hugo aseguraba que Raúl no iba a recibir una carta al día siguiente.
Critical Item,NR+subj+NPI,dar la impresión,NR,subj,se,yes,hasta,hasta,comenzar,F,211,36,A Carolina no le daba la impresión de que la obra fuese a comenzar hasta diciembre.,A Carolina le daba la impresión de que la obra no iba a comenzar hasta diciembre.
Critical Item,NR+subj,dar la impresión,NR,subj,se,no,,,comenzar,A,212,36,A Carolina no le daba la impresión de que la obra fuese a comenzar en diciembre.,A Carolina le daba la impresión de que la obra no iba a comenzar en diciembre.
Control,NNR+subj,recordar,NNR,subj,se,no,,,comenzar,B,213,36,Carolina no recordaba que la obra fuese a comenzar en diciembre.,Carolina recordaba que la obra no iba a comenzar en diciembre.
Control,NR+ind+NPI,dar la impresión,NR,ind,,yes,hasta,hasta,comenzar,C,214,36,A Carolina no le daba la impresión de que la obra iba a comenzar hasta diciembre.,A Carolina le daba la impresión de que la obra no iba a comenzar hasta diciembre.
Critical Item,NR+ind,dar la impresión,NR,ind,,no,,,comenzar,D,215,36,A Carolina no le daba la impresión de que la obra iba a comenzar en diciembre.,A Carolina le daba la impresión de que la obra no iba a comenzar en diciembre.
Control,NNR+ind,recordar,NNR,ind,,no,,,comenzar,E,216,36,Carolina no recordaba que la obra iba a comenzar en diciembre.,Carolina recordaba que la obra no iba a comenzar en diciembre.
Fillers,NNR+ind+NPI,saber,NNR,ind,,yes,hasta,hasta,regresar,A,217,37,Irene sabía que el invitado iba a regresar hasta las ocho.,Irene sabía que el invitado no iba a regresar hasta las ocho.
Fillers,NNR+ind+NPI,saber,NNR,ind,,yes,hasta,hasta,regresar,B,217,37,Irene sabía que el invitado iba a regresar hasta las ocho.,Irene sabía que el invitado no iba a regresar hasta las ocho.
Fillers,NNR+ind+NPI,saber,NNR,ind,,yes,hasta,hasta,regresar,C,217,37,Irene sabía que el invitado iba a regresar hasta las ocho.,Irene sabía que el invitado no iba a regresar hasta las ocho.
Fillers,NNR+ind+NPI,saber,NNR,ind,,yes,hasta,hasta,regresar,D,217,37,Irene sabía que el invitado iba a regresar hasta las ocho.,Irene sabía que el invitado no iba a regresar hasta las ocho.
Fillers,NNR+ind+NPI,saber,NNR,ind,,yes,hasta,hasta,regresar,E,217,37,Irene sabía que el invitado iba a regresar hasta las ocho.,Irene sabía que el invitado no iba a regresar hasta las ocho.
Fillers,NNR+ind+NPI,saber,NNR,ind,,yes,hasta,hasta,regresar,F,217,37,Irene sabía que el invitado iba a regresar hasta las ocho.,Irene sabía que el invitado no iba a regresar hasta las ocho.
Fillers,NNR+ind+NPI,estar seguro,NNR,ind,,yes,en,en,vistar,A,218,38,Paulina estaba segura de que su madre había visitado Barcelona en años.,Paulina estaba segura de que su madre no había visitado Barcelona en años.
Fillers,NNR+ind+NPI,estar seguro,NNR,ind,,yes,en,en,vistar,B,218,38,Paulina estaba segura de que su madre había visitado Barcelona en años.,Paulina estaba segura de que su madre no había visitado Barcelona en años.
Fillers,NNR+ind+NPI,estar seguro,NNR,ind,,yes,en,en,vistar,C,218,38,Paulina estaba segura de que su madre había visitado Barcelona en años.,Paulina estaba segura de que su madre no había visitado Barcelona en años.
Fillers,NNR+ind+NPI,estar seguro,NNR,ind,,yes,en,en,vistar,D,218,38,Paulina estaba segura de que su madre había visitado Barcelona en años.,Paulina estaba segura de que su madre no había visitado Barcelona en años.
Fillers,NNR+ind+NPI,estar seguro,NNR,ind,,yes,en,en,vistar,E,218,38,Paulina estaba segura de que su madre había visitado Barcelona en años.,Paulina estaba segura de que su madre no había visitado Barcelona en años.
Fillers,NNR+ind+NPI,estar seguro,NNR,ind,,yes,en,en,vistar,F,218,38,Paulina estaba segura de que su madre había visitado Barcelona en años.,Paulina estaba segura de que su madre no había visitado Barcelona en años.
Fillers,NNR+ind+NPI,ser consciente,NNR,ind,,yes,hasta,hasta,recibir un paquete,A,219,39,Leonardo era consciente de que Carla iba a recibir el paquete hasta enero.,Leonardo era consciente de que Carla no iba a recibir el paquete hasta enero.
Fillers,NNR+ind+NPI,ser consciente,NNR,ind,,yes,hasta,hasta,recibir un paquete,B,219,39,Leonardo era consciente de que Carla iba a recibir el paquete hasta enero.,Leonardo era consciente de que Carla no iba a recibir el paquete hasta enero.
Fillers,NNR+ind+NPI,ser consciente,NNR,ind,,yes,hasta,hasta,recibir un paquete,C,219,39,Leonardo era consciente de que Carla iba a recibir el paquete hasta enero.,Leonardo era consciente de que Carla no iba a recibir el paquete hasta enero.
Fillers,NNR+ind+NPI,ser consciente,NNR,ind,,yes,hasta,hasta,recibir un paquete,D,219,39,Leonardo era consciente de que Carla iba a recibir el paquete hasta enero.,Leonardo era consciente de que Carla no iba a recibir el paquete hasta enero.
Fillers,NNR+ind+NPI,ser consciente,NNR,ind,,yes,hasta,hasta,recibir un paquete,E,219,39,Leonardo era consciente de que Carla iba a recibir el paquete hasta enero.,Leonardo era consciente de que Carla no iba a recibir el paquete hasta enero.
Fillers,NNR+ind+NPI,ser consciente,NNR,ind,,yes,hasta,hasta,recibir un paquete,F,219,39,Leonardo era consciente de que Carla iba a recibir el paquete hasta enero.,Leonardo era consciente de que Carla no iba a recibir el paquete hasta enero.
Fillers,NNR+ind+NPI,resultar evidente,NNR,ind,,yes,en,en,aumentar,A,220,40,A Verónica le resultaba evidente que el precio del transporte había aumentado en meses.,A Verónica le resultaba evidente que el precio del transporte no había aumentado en meses.
Fillers,NNR+ind+NPI,resultar evidente,NNR,ind,,yes,en,en,aumentar,B,220,40,A Verónica le resultaba evidente que el precio del transporte había aumentado en meses.,A Verónica le resultaba evidente que el precio del transporte no había aumentado en meses.
Fillers,NNR+ind+NPI,resultar evidente,NNR,ind,,yes,en,en,aumentar,C,220,40,A Verónica le resultaba evidente que el precio del transporte había aumentado en meses.,A Verónica le resultaba evidente que el precio del transporte no había aumentado en meses.
Fillers,NNR+ind+NPI,resultar evidente,NNR,ind,,yes,en,en,aumentar,D,220,40,A Verónica le resultaba evidente que el precio del transporte había aumentado en meses.,A Verónica le resultaba evidente que el precio del transporte no había aumentado en meses.
Fillers,NNR+ind+NPI,resultar evidente,NNR,ind,,yes,en,en,aumentar,E,220,40,A Verónica le resultaba evidente que el precio del transporte había aumentado en meses.,A Verónica le resultaba evidente que el precio del transporte no había aumentado en meses.
Fillers,NNR+ind+NPI,resultar evidente,NNR,ind,,yes,en,en,aumentar,F,220,40,A Verónica le resultaba evidente que el precio del transporte había aumentado en meses.,A Verónica le resultaba evidente que el precio del transporte no había aumentado en meses.
Fillers,NNR+subj+2,ser consciente,NNR,subj,se,no,,,subir,A,225,45,Anabel era consciente de que el precio del alquiler hubiese subido tanto ese año.,Anabel era consciente de que el precio del alquiler no había subido tanto ese año.
Fillers,NNR+subj+2,ser consciente,NNR,subj,se,no,,,subir,B,225,45,Anabel era consciente de que el precio del alquiler hubiese subido tanto ese año.,Anabel era consciente de que el precio del alquiler no había subido tanto ese año.
Fillers,NNR+subj+2,ser consciente,NNR,subj,se,no,,,subir,C,225,45,Anabel era consciente de que el precio del alquiler hubiese subido tanto ese año.,Anabel era consciente de que el precio del alquiler no había subido tanto ese año.
Fillers,NNR+subj+2,ser consciente,NNR,subj,se,no,,,subir,D,225,45,Anabel era consciente de que el precio del alquiler hubiese subido tanto ese año.,Anabel era consciente de que el precio del alquiler no había subido tanto ese año.
Fillers,NNR+subj+2,ser consciente,NNR,subj,se,no,,,subir,E,225,45,Anabel era consciente de que el precio del alquiler hubiese subido tanto ese año.,Anabel era consciente de que el precio del alquiler no había subido tanto ese año.
Fillers,NNR+subj+2,ser consciente,NNR,subj,se,no,,,subir,F,225,45,Anabel era consciente de que el precio del alquiler hubiese subido tanto ese año.,Anabel era consciente de que el precio del alquiler no había subido tanto ese año.
Fillers,NNR+subj+3,resultar evidente,NNR,subj,ra,no,,,aumentar,A,226,46,A Carlos le resultaba evidente el precio del cine hubiera aumentado.,A Carlos le resultaba evidente el precio del cine no había aumentado.
Fillers,NNR+subj+3,resultar evidente,NNR,subj,ra,no,,,aumentar,B,226,46,A Carlos le resultaba evidente el precio del cine hubiera aumentado.,A Carlos le resultaba evidente el precio del cine no había aumentado.
Fillers,NNR+subj+3,resultar evidente,NNR,subj,ra,no,,,aumentar,C,226,46,A Carlos le resultaba evidente el precio del cine hubiera aumentado.,A Carlos le resultaba evidente el precio del cine no había aumentado.
Fillers,NNR+subj+3,resultar evidente,NNR,subj,ra,no,,,aumentar,D,226,46,A Carlos le resultaba evidente el precio del cine hubiera aumentado.,A Carlos le resultaba evidente el precio del cine no había aumentado.
Fillers,NNR+subj+3,resultar evidente,NNR,subj,ra,no,,,aumentar,E,226,46,A Carlos le resultaba evidente el precio del cine hubiera aumentado.,A Carlos le resultaba evidente el precio del cine no había aumentado.
Fillers,NNR+subj+3,resultar evidente,NNR,subj,ra,no,,,aumentar,F,226,46,A Carlos le resultaba evidente el precio del cine hubiera aumentado.,A Carlos le resultaba evidente el precio del cine no había aumentado.
Fillers,NNR+subj+4,asegurar,NNR,subj,ra,no,,,ganar,A,227,47,Antonio aseguraba que su hijo fuera a ganar la lotería ese año.,Antonio aseguraba que su hijo no iba a ganar la lotería ese año.
Fillers,NNR+subj+4,asegurar,NNR,subj,ra,no,,,ganar,B,227,47,Antonio aseguraba que su hijo fuera a ganar la lotería ese año.,Antonio aseguraba que su hijo no iba a ganar la lotería ese año.
Fillers,NNR+subj+4,asegurar,NNR,subj,ra,no,,,ganar,C,227,47,Antonio aseguraba que su hijo fuera a ganar la lotería ese año.,Antonio aseguraba que su hijo no iba a ganar la lotería ese año.
Fillers,NNR+subj+4,asegurar,NNR,subj,ra,no,,,ganar,D,227,47,Antonio aseguraba que su hijo fuera a ganar la lotería ese año.,Antonio aseguraba que su hijo no iba a ganar la lotería ese año.
Fillers,NNR+subj+4,asegurar,NNR,subj,ra,no,,,ganar,E,227,47,Antonio aseguraba que su hijo fuera a ganar la lotería ese año.,Antonio aseguraba que su hijo no iba a ganar la lotería ese año.
Fillers,NNR+subj+4,asegurar,NNR,subj,ra,no,,,ganar,F,227,47,Antonio aseguraba que su hijo fuera a ganar la lotería ese año.,Antonio aseguraba que su hijo no iba a ganar la lotería ese año.
Fillers,NNR+subj+5,recordar,NNR,subj,ra,no,,,comprar,A,228,48,Ángel recordaba que su prima fuera a comprarse un coche nuevo ese año.,Ángel recordaba que su prima no iba a comprarse un coche nuevo ese año.
Fillers,NNR+subj+5,recordar,NNR,subj,ra,no,,,comprar,B,228,48,Ángel recordaba que su prima fuera a comprarse un coche nuevo ese año.,Ángel recordaba que su prima no iba a comprarse un coche nuevo ese año.
Fillers,NNR+subj+5,recordar,NNR,subj,ra,no,,,comprar,C,228,48,Ángel recordaba que su prima fuera a comprarse un coche nuevo ese año.,Ángel recordaba que su prima no iba a comprarse un coche nuevo ese año.
Fillers,NNR+subj+5,recordar,NNR,subj,ra,no,,,comprar,D,228,48,Ángel recordaba que su prima fuera a comprarse un coche nuevo ese año.,Ángel recordaba que su prima no iba a comprarse un coche nuevo ese año.
Fillers,NNR+subj+5,recordar,NNR,subj,ra,no,,,comprar,E,228,48,Ángel recordaba que su prima fuera a comprarse un coche nuevo ese año.,Ángel recordaba que su prima no iba a comprarse un coche nuevo ese año.
Fillers,NNR+subj+5,recordar,NNR,subj,ra,no,,,comprar,F,228,48,Ángel recordaba que su prima fuera a comprarse un coche nuevo ese año.,Ángel recordaba que su prima no iba a comprarse un coche nuevo ese año.
